id,invoice_id,line_no,raw_description,raw_upc,qty,unit_price,line_total,item_id,item_upc,item_description,match_method,match_score,cost_delta_pct,notes,translated_qty
1,1,1,PINNACLE CHOCO WHIPP 750,89708460804,6.0,11.29,67.74,8703,89708460804,PINNACLE CHOCO WHIPP 750ML,upc,1.0,0.0,,
2,1,2,CIROC HONEY MELON VODKA 750,8807618819,6.0,29.09,174.54,22666,8807618819,CIROC HONEY MELON VODKA 750ML,upc,1.0,0.0,,
3,1,3,BELAIRE RARE ROSE 750,1349700590,6.0,26.5,159.0,11675,1349700590,BELAIRE RARE ROSE 750ML,upc,1.0,0.0,,
4,1,4,ALCHEMIST RYE WHSKY 750,5883400303,6.0,9.0,54.0,13328,5883400303,ALCHEMIST RYE WHSKY 750ML,upc,1.0,0.0,,
5,1,5,CAMARENA SILVER TEQUILA 750,85000016824,6.0,25.09,150.54,8778,85000016824,CAMARENA SILVER TEQUILA 750ML,upc,1.0,0.0,,
6,1,6,SEAGRAM  VO 750,8773700000,6.0,14.09,84.53999999999999,746,8773700000,SEAGRAM  VO 750ML,upc,1.0,0.0,,
7,1,7,MOET ICE  750,8175381802,6.0,64.09,384.54,15571,8175381802,MOET ICE  750ML,upc,1.0,0.0,,
8,1,8,JACK DANIELS GREEN LABEL 750,82184090084,6.0,23.09,138.54,7332,82184090084,JACK DANIELS GREEN LABEL 750ML,upc,1.0,0.0,,
9,1,9,KETEL ONE VODKA 750,,12.0,20.97,251.64,14915,8807618062,KETEL ONE 200ML ANNIVERSARY PK,cost+desc,0.396,0.0,,
10,1,10,MYSTERY BRAND XYZZY MOONSHINE 750,,3.0,99.99,299.97,,,,none,0.0,,,
11,2,1,A. E. DOR VSOP COGNAC 750 .,8193274203,6.0,36.33,218.0,15349,8193274203,A. E. DOR VSOP COGNAC 750ML .,upc,1.0,0.008256956485839633,,
12,2,2,GREY GOOSE VANILLA VODKA 750,8048098418,6.0,27.09,162.54,16813,8048098418,GREY GOOSE VANILLA VODKA 750ML,upc,1.0,0.0,,
13,2,3,ALIZE WILD 750,8469220404,6.0,15.99,95.94,2584,8469220404,ALIZE WILD 750ML,upc,1.0,0.0,,
14,2,4,COLUMBIA RED BLEND 750,8500002180,6.0,10.01,60.06,13345,8500002180,COLUMBIA RED BLEND 750ML,upc,1.0,0.0,,
15,2,5,VILLA JOLANDA PROSECCO 750,1564325668,6.0,8.0,48.0,13745,1564325668,VILLA JOLANDA PROSECCO 750ML,upc,1.0,0.0,,
16,2,6,DEANSTON 12YRS 750,5837113071,6.0,44.09,264.54,13190,5837113071,DEANSTON 12YRS 750ML,upc,1.0,0.0,,
17,3,1,PINNACLE CHOCO WHIPP 750,89708460804,6.0,11.29,67.74,8703,89708460804,PINNACLE CHOCO WHIPP 750ML,upc,1.0,0.0,,
18,3,2,CIROC HONEY MELON VODKA 750,8807618819,6.0,29.09,174.54,22666,8807618819,CIROC HONEY MELON VODKA 750ML,upc,1.0,0.0,,
19,3,3,BELAIRE RARE ROSE 750,1349700590,6.0,26.5,159.0,11675,1349700590,BELAIRE RARE ROSE 750ML,upc,1.0,0.0,,
20,3,4,ALCHEMIST RYE WHSKY 750,5883400303,6.0,9.0,54.0,13328,5883400303,ALCHEMIST RYE WHSKY 750ML,upc,1.0,0.0,,
21,3,5,CAMARENA SILVER TEQUILA 750,85000016824,6.0,25.09,150.54,8778,85000016824,CAMARENA SILVER TEQUILA 750ML,upc,1.0,0.0,,
22,3,6,SEAGRAM  VO 750,8773700000,6.0,14.09,84.53999999999999,746,8773700000,SEAGRAM  VO 750ML,upc,1.0,0.0,,
23,3,7,MOET ICE  750,8175381802,6.0,64.09,384.54,15571,8175381802,MOET ICE  750ML,upc,1.0,0.0,,
24,3,8,JACK DANIELS GREEN LABEL 750,82184090084,6.0,23.09,138.54,7332,82184090084,JACK DANIELS GREEN LABEL 750ML,upc,1.0,0.0,,
25,3,9,KETEL ONE VODKA 750,,12.0,20.97,251.64,14915,8807618062,KETEL ONE 200ML ANNIVERSARY PK,cost+desc,0.396,0.0,,
26,3,10,MYSTERY BRAND XYZZY MOONSHINE 750,,3.0,99.99,299.97,,,,none,0.0,,,
89,6,1,200ML BARTON VODKA 80,111510,4.0,1.49,286.08,13231,8066047208,BARTON VODKA 200ML,cost+desc,0.737,0.0,,
90,6,2,375ML CROWN ROYAL,54020,2.0,12.19,585.12,613,877600,CROWN ROYAL 375ML,desc,0.859,0.0,,
91,6,3,375ML CROWN ROYAL REGAL APPLE,85720,1.0,12.19,292.56,13469,8200077155,CROWN ROYAL APPLE 375ML,desc,0.742,0.0,,
92,6,4,375ML CROWN ROYAL VANILLA,50920,1.0,12.19,292.56,16232,8200077658,CROWN ROYAL VANILLA 375ML,desc,0.904,0.0,,
93,6,5,50ML CROWN ROYAL 6PK,54000,1.0,8.94,89.4,5197,8719902,CROWN ROYAL 50ML,desc,0.717,499.9999999999999,,
94,6,6,200ML JOHN WALKER GOLD RESERVE,11910,2.0,11.25,540.0,18847,826080,J WALKER GOLD 200 ML ,cost+desc,0.42,0.0,,
95,6,7,750ML 750 ML KETEL ONE VODKA 80,114740,5.0,18.99,1139.4,1607,8515600750,KETEL ONE CITROEN 80,cost+desc,0.477,0.0,,
96,6,8,50ML KETEL ONE VODKA 80 (PET) 12PK,114700,3.0,15.96,478.8,1874,8861030000,GORDON VODKA 80 1.75L,cost+desc,0.322,0.8079552517091299,,
97,6,9,375ML SVEDKA VODKA (PET),117120,5.0,3.57,427.7,4848,617768113752,SVEDKA VODKA 80 375ML,cost+desc,0.591,0.2808988764044884,,
98,6,10,375ML BARTON VODKA 80,111520,0.0,,0.0,13232,8066047207,BARTON VODKA 375ML,desc,0.717,,,
99,6,11,1.75LT BARTON VODKA 80,111560,0.0,,0.0,,,,none,0.0,,,
100,6,12,50ML CROWN ROYAL BLACKBERRY 6PK,72200,0.0,,0.0,24614,8200078955,CROWN ROYAL BLACKBERRY 750 ML ,desc,0.602,,,
101,6,13,50ML CROWN ROYAL REGAL APPLE 6PK,85700,0.0,,0.0,14642,824580,CROWN ROYAL APPLE  50ML,desc,0.662,,,
102,6,14,50ML JOHN WALKER BLACK (PET) 12PK,68900,0.0,,0.0,10886,891110,J WALKER BLACK 50ML,desc,0.531,,,
103,7,1,200ML BARTON VODKA 80,111510,4.0,1.49,286.08,13231,8066047208,BARTON VODKA 200ML,cost+desc,0.737,0.0,,
104,7,2,375ML CROWN ROYAL,54020,2.0,12.19,585.12,613,877600,CROWN ROYAL 375ML,desc,0.859,0.0,,
105,7,3,375ML CROWN ROYAL REGAL APPLE,85720,1.0,12.19,292.56,13469,8200077155,CROWN ROYAL APPLE 375ML,desc,0.742,0.0,,
106,7,4,375ML CROWN ROYAL VANILLA,50920,1.0,12.19,292.56,16232,8200077658,CROWN ROYAL VANILLA 375ML,desc,0.904,0.0,,
107,7,5,50ML CROWN ROYAL 6PK,54000,1.0,8.94,89.4,5197,8719902,CROWN ROYAL 50ML,desc,0.717,499.9999999999999,,
108,7,6,200ML JOHN WALKER GOLD RESERVE,11910,2.0,11.25,540.0,18847,826080,J WALKER GOLD 200 ML ,cost+desc,0.42,0.0,,
109,7,7,750ML 750 ML KETEL ONE VODKA 80,114740,5.0,18.99,1139.4,1607,8515600750,KETEL ONE CITROEN 80,cost+desc,0.477,0.0,,
110,7,8,50ML KETEL ONE VODKA 80 (PET) 12PK,114700,3.0,15.96,478.8,3795,8515640495,KETEL ONE VODKA 50ML,desc,0.595,1100.0,,
111,7,9,375ML SVEDKA VODKA (PET),117120,5.0,3.57,427.7,4848,617768113752,SVEDKA VODKA 80 375ML,cost+desc,0.591,0.2808988764044884,,
112,7,10,375ML BARTON VODKA 80,111520,0.0,,0.0,13232,8066047207,BARTON VODKA 375ML,desc,0.717,,,
113,7,11,1.75LT BARTON VODKA 80,111560,0.0,,0.0,,,,none,0.0,,,
114,7,12,50ML CROWN ROYAL BLACKBERRY 6PK,72200,0.0,,0.0,,,,none,0.0,,,
115,7,13,50ML CROWN ROYAL REGAL APPLE 6PK,85700,0.0,,0.0,14642,824580,CROWN ROYAL APPLE  50ML,desc,0.662,,,
116,7,14,50ML JOHN WALKER BLACK (PET) 12PK,68900,0.0,,0.0,10886,891110,J WALKER BLACK 50ML,desc,0.531,,,
117,8,1,50 ML BAILEYS C & C 80/20,1670190,,239.2,26.6,,,,none,0.0,,,
118,8,2,50 ML BAILEYS C & C 80/20,1670190,,239.2,26.6,,,,none,0.0,,,
119,8,3,50 ML BAILEYS IRISH 80/20,1669099,,239.2,26.6,,,,none,0.0,,,
120,8,4,750ML BUCHAN PINE FIFA GL,0409442,,198.54,28.493,,,,none,0.0,,,
121,8,5,200ML BUCHANAN 12YR 24/6,0409070,,218.16,35.94,,,,none,0.0,,,
122,8,6,1.75L DON JULIO REPOSADO3P,3850020,,297.27,99.09162,17050,7454500108,DON JULIO ANEJO 1942 1.75L,cost+desc,0.485,0.5785953177257586,,
123,8,7,50 ML J WALKER BLK 120/12,0443090,,478.8,15.48,,,,none,0.0,,,
124,8,8,750ML MACALLAN SHY OAK 12Y,0460040,,913.08,76.09,,,,none,0.0,,,
125,8,9,CMB@ DON JULIO AST BLAN9P,3806023,,376.06,376.06,,,,none,0.0,,,
126,9,1,200ML BARTON VODKA 80,111510,4.0,1.49,286.08,13231,8066047208,BARTON VODKA 200ML,cost+desc,0.737,0.0,,
127,9,2,375ML CROWN ROYAL,54020,2.0,12.19,585.12,613,877600,CROWN ROYAL 375ML,desc,0.859,0.0,,
128,9,3,375ML CROWN ROYAL REGAL APPLE,85720,1.0,12.19,292.56,,,,none,0.0,,,
129,9,4,375ML CROWN ROYAL VANILLA,50920,1.0,12.19,292.56,16232,8200077658,CROWN ROYAL VANILLA 375ML,desc,0.904,0.0,,
130,9,5,50ML CROWN ROYAL 6PK,54000,1.0,8.94,89.4,,,,none,0.0,,,
131,9,6,200ML JOHN WALKER GOLD RESERVE,11910,2.0,11.25,540.0,,,,none,0.0,,,
132,9,7,750ML 750 ML KETEL ONE VODKA 80,114740,5.0,18.99,1139.4,10484,8515651541,KETEL ONE VODKA 750ML,desc,0.662,0.0,,
133,9,8,50ML KETEL ONE VODKA 80 (PET) 12PK,114700,3.0,15.96,478.8,3795,8515640495,KETEL ONE VODKA 50ML,desc,0.652,1100.0,,
134,9,9,375ML SVEDKA VODKA (PET),117120,5.0,3.57,427.7,4848,617768113752,SVEDKA VODKA 80 375ML,cost+desc,0.681,0.2808988764044884,,
135,9,10,375ML BARTON VODKA 80,111520,0.0,,0.0,13232,8066047207,BARTON VODKA 375ML,desc,0.717,,,
136,9,11,1.75LT BARTON VODKA 80,111560,0.0,,0.0,,,,none,0.0,,,
137,9,12,50ML CROWN ROYAL BLACKBERRY 6PK,72200,0.0,,0.0,784,8676722004,SAMBUCA ROMANA LITER,upc_partial,0.85,,,
138,9,13,50ML CROWN ROYAL REGAL APPLE 6PK,85700,0.0,,0.0,15746,8885700162,YAMAZAKI JAPANESE 18YR,upc_partial,0.85,,,
139,9,14,50ML JOHN WALKER BLACK (PET) 12PK,68900,0.0,,0.0,2315,125468900,KRIMSKOYE RED SEMI SWEET,upc_partial,0.85,,,
140,10,1,200ML BARTON VODKA 80,111510,4.0,1.49,286.08,13231,8066047208,BARTON VODKA 200ML,cost+desc,0.887,0.0,,
141,10,2,375ML CROWN ROYAL,54020,2.0,12.19,585.12,613,877600,CROWN ROYAL 375ML,desc,0.859,0.0,,
142,10,3,375ML CROWN ROYAL REGAL APPLE,85720,1.0,12.19,292.56,13469,8200077155,CROWN ROYAL APPLE 375ML,desc,0.742,0.0,,
143,10,4,375ML CROWN ROYAL VANILLA,50920,1.0,12.19,292.56,16232,8200077658,CROWN ROYAL VANILLA 375ML,desc,0.904,0.0,,
144,10,5,50ML CROWN ROYAL 6PK,54000,1.0,8.94,89.4,5197,8719902,CROWN ROYAL 50ML,desc,0.717,499.9999999999999,,
145,10,6,200ML JOHN WALKER GOLD RESERVE,11910,2.0,11.25,540.0,,,,none,0.0,,,
146,10,7,750ML 750 ML KETEL ONE VODKA 80,114740,5.0,18.99,1139.4,10484,8515651541,KETEL ONE VODKA 750ML,desc,0.662,0.0,,
147,10,8,50ML KETEL ONE VODKA 80 (PET) 12PK,114700,3.0,15.96,478.8,3795,8515640495,KETEL ONE VODKA 50ML,desc,0.652,1100.0,,
148,10,9,375ML SVEDKA VODKA (PET),117120,5.0,3.57,427.7,4848,617768113752,SVEDKA VODKA 80 375ML,cost+desc,0.8310000000000001,0.2808988764044884,,
149,10,10,375ML BARTON VODKA 80,111520,0.0,,0.0,13232,8066047207,BARTON VODKA 375ML,desc,0.717,,,
150,10,11,1.75LT BARTON VODKA 80,111560,0.0,,0.0,,,,none,0.0,,,
151,10,12,50ML CROWN ROYAL BLACKBERRY 6PK,72200,0.0,,0.0,,,,none,0.0,,,
152,10,13,50ML CROWN ROYAL REGAL APPLE 6PK,85700,0.0,,0.0,14642,824580,CROWN ROYAL APPLE  50ML,desc,0.662,,,
153,10,14,50ML JOHN WALKER BLACK (PET) 12PK,68900,0.0,,0.0,,,,none,0.0,,,
154,11,1,200ML BARTON VODKA 80,111510,4.0,1.49,286.08,13231,8066047208,BARTON VODKA 200ML,cost+desc,1.0,0.0,,
155,11,2,375ML CROWN ROYAL,54020,2.0,12.19,585.12,613,877600,CROWN ROYAL 375ML,desc,0.859,0.0,,
156,11,3,375ML CROWN ROYAL REGAL APPLE,85720,1.0,12.19,292.56,,,,none,0.0,,,
157,11,4,375ML CROWN ROYAL VANILLA,50920,1.0,12.19,292.56,16232,8200077658,CROWN ROYAL VANILLA 375ML,desc,0.904,0.0,,
158,11,5,50ML CROWN ROYAL 6PK,54000,1.0,8.94,89.4,5197,8719902,CROWN ROYAL 50ML,desc,0.717,499.9999999999999,,
159,11,6,200ML JOHN WALKER GOLD RESERVE,11910,2.0,11.25,540.0,18847,826080,J WALKER GOLD 200 ML ,cost+desc,0.67,0.0,,
160,11,7,750ML 750 ML KETEL ONE VODKA 80,114740,5.0,18.99,1139.4,23668,8515647500,KETEL ONE ORANGE 750,cost+desc,0.5603333333333333,0.0,,
161,11,8,50ML KETEL ONE VODKA 80 (PET) 12PK,114700,3.0,15.96,478.8,3795,8515640495,KETEL ONE VODKA 50ML,desc,0.652,1100.0,,
162,11,9,375ML SVEDKA VODKA (PET),117120,5.0,3.57,427.7,4848,617768113752,SVEDKA VODKA 80 375ML,cost+desc,1.0,0.2808988764044884,,
163,11,10,375ML BARTON VODKA 80,111520,0.0,,0.0,13232,8066047207,BARTON VODKA 375ML,desc,0.717,,,
164,11,11,1.75LT BARTON VODKA 80,111560,0.0,,0.0,,,,none,0.0,,,
165,11,12,50ML CROWN ROYAL BLACKBERRY 6PK,72200,0.0,,0.0,,,,none,0.0,,,
166,11,13,50ML CROWN ROYAL REGAL APPLE 6PK,85700,0.0,,0.0,,,,none,0.0,,,
167,11,14,50ML JOHN WALKER BLACK (PET) 12PK,68900,0.0,,0.0,,,,none,0.0,,,
168,12,1,200ML BARTON VODKA 80,111510,4.0,1.49,286.08,13231,8066047208,BARTON VODKA 200ML,cost+desc,1.0,0.0,,
169,12,2,375ML CROWN ROYAL,54020,2.0,12.19,585.12,613,877600,CROWN ROYAL 375ML,desc,0.859,0.0,,
170,12,3,375ML CROWN ROYAL REGAL APPLE,85720,1.0,12.19,292.56,,,,none,0.0,,,
171,12,4,375ML CROWN ROYAL VANILLA,50920,1.0,12.19,292.56,16232,8200077658,CROWN ROYAL VANILLA 375ML,desc,0.904,0.0,,
172,12,5,50ML CROWN ROYAL 6PK,54000,1.0,8.94,89.4,5197,8719902,CROWN ROYAL 50ML,desc,0.717,499.9999999999999,,
173,12,6,200ML JOHN WALKER GOLD RESERVE,11910,2.0,11.25,540.0,18847,826080,J WALKER GOLD 200 ML ,cost+desc,0.67,0.0,,
174,12,7,750ML 750 ML KETEL ONE VODKA 80,114740,5.0,18.99,1139.4,23668,8515647500,KETEL ONE ORANGE 750,cost+desc,0.5603333333333333,0.0,,
175,12,8,50ML KETEL ONE VODKA 80 (PET) 12PK,114700,3.0,15.96,478.8,3795,8515640495,KETEL ONE VODKA 50ML,desc,0.652,1100.0,,
176,12,9,375ML SVEDKA VODKA (PET),117120,5.0,3.57,427.7,4848,617768113752,SVEDKA VODKA 80 375ML,cost+desc,1.0,0.2808988764044884,,
177,12,10,375ML BARTON VODKA 80,111520,0.0,,0.0,13232,8066047207,BARTON VODKA 375ML,desc,0.717,,,
178,12,11,1.75LT BARTON VODKA 80,111560,0.0,,0.0,,,,none,0.0,,,
179,12,12,50ML CROWN ROYAL BLACKBERRY 6PK,72200,0.0,,0.0,,,,none,0.0,,,
180,12,13,50ML CROWN ROYAL REGAL APPLE 6PK,85700,0.0,,0.0,,,,none,0.0,,,
181,12,14,50ML JOHN WALKER BLACK (PET) 12PK,68900,0.0,,0.0,10886,891110,J WALKER BLACK 50ML,desc,0.591,,,
182,13,1,200ML BARTON VODKA 80,111510,4.0,1.49,286.08,13231,8066047208,BARTON VODKA 200ML,cost+desc,1.0,0.0,,
183,13,2,375ML CROWN ROYAL,54020,2.0,12.19,585.12,613,877600,CROWN ROYAL 375ML,desc,0.859,0.0,,
184,13,3,375ML CROWN ROYAL REGAL APPLE,85720,1.0,12.19,292.56,13469,8200077155,CROWN ROYAL APPLE 375ML,desc,0.742,0.0,,
185,13,4,375ML CROWN ROYAL VANILLA,50920,1.0,12.19,292.56,16232,8200077658,CROWN ROYAL VANILLA 375ML,desc,0.904,0.0,,
186,13,5,50ML CROWN ROYAL 6PK,54000,1.0,8.94,89.4,5197,8719902,CROWN ROYAL 50ML,desc,0.717,499.9999999999999,,
187,13,6,200ML JOHN WALKER GOLD RESERVE,11910,2.0,11.25,540.0,18847,826080,J WALKER GOLD 200 ML ,cost+desc,0.67,0.0,,
188,13,7,750ML 750 ML KETEL ONE VODKA 80,114740,5.0,18.99,1139.4,23668,8515647500,KETEL ONE ORANGE 750,cost+desc,0.5603333333333333,0.0,,
189,13,8,50ML KETEL ONE VODKA 80 (PET) 12PK,114700,3.0,15.96,478.8,3795,8515640495,KETEL ONE VODKA 50ML,desc,0.652,1100.0,,
190,13,9,375ML SVEDKA VODKA (PET),117120,5.0,3.57,427.7,4848,617768113752,SVEDKA VODKA 80 375ML,cost+desc,1.0,0.2808988764044884,,
191,13,10,375ML BARTON VODKA 80,111520,0.0,,0.0,13232,8066047207,BARTON VODKA 375ML,desc,0.717,,,
192,13,11,1.75LT BARTON VODKA 80,111560,0.0,,0.0,,,,none,0.0,,,
193,13,12,50ML CROWN ROYAL BLACKBERRY 6PK,72200,0.0,,0.0,,,,none,0.0,,,
194,13,13,50ML CROWN ROYAL REGAL APPLE 6PK,85700,0.0,,0.0,14642,824580,CROWN ROYAL APPLE  50ML,desc,0.662,,,
195,13,14,50ML JOHN WALKER BLACK (PET) 12PK,68900,0.0,,0.0,10886,891110,J WALKER BLACK 50ML,desc,0.591,,,
196,14,1,200ML BARTON VODKA 80,111510,4.0,1.49,286.08,13231,8066047208,BARTON VODKA 200ML,cost+desc,1.0,0.0,,
197,14,2,375ML CROWN ROYAL,54020,2.0,12.19,585.12,613,877600,CROWN ROYAL 375ML,desc,0.859,0.0,,
198,14,3,375ML CROWN ROYAL REGAL APPLE,85720,1.0,12.19,292.56,13469,8200077155,CROWN ROYAL APPLE 375ML,desc,0.742,0.0,,
199,14,4,375ML CROWN ROYAL VANILLA,50920,1.0,12.19,292.56,16232,8200077658,CROWN ROYAL VANILLA 375ML,desc,0.904,0.0,,
200,14,5,50ML CROWN ROYAL 6PK,54000,1.0,8.94,89.4,5197,8719902,CROWN ROYAL 50ML,desc,0.717,499.9999999999999,,
201,14,6,200ML JOHN WALKER GOLD RESERVE,11910,2.0,11.25,540.0,18847,826080,J WALKER GOLD 200 ML ,cost+desc,0.67,0.0,,
202,14,7,750ML 750 ML KETEL ONE VODKA 80,114740,5.0,18.99,1139.4,10484,8515651541,KETEL ONE VODKA 750ML,desc,0.662,0.0,,
203,14,8,50ML KETEL ONE VODKA 80 (PET) 12PK,114700,3.0,15.96,478.8,3795,8515640495,KETEL ONE VODKA 50ML,desc,0.652,1100.0,,
204,14,9,375ML SVEDKA VODKA (PET),117120,5.0,3.57,427.7,4848,617768113752,SVEDKA VODKA 80 375ML,cost+desc,1.0,0.2808988764044884,,
205,14,10,375ML BARTON VODKA 80,111520,0.0,,0.0,13232,8066047207,BARTON VODKA 375ML,desc,0.717,,,
206,14,11,1.75LT BARTON VODKA 80,111560,0.0,,0.0,,,,none,0.0,,,
207,14,12,50ML CROWN ROYAL BLACKBERRY 6PK,72200,0.0,,0.0,,,,none,0.0,,,
208,14,13,50ML CROWN ROYAL REGAL APPLE 6PK,85700,0.0,,0.0,14642,824580,CROWN ROYAL APPLE  50ML,desc,0.662,,,
209,14,14,50ML JOHN WALKER BLACK (PET) 12PK,68900,0.0,,0.0,10886,891110,J WALKER BLACK 50ML,desc,0.591,,,
210,15,1,50 ML BAILEYS C & C 80/20,1670190,,239.2,26.6,,,,none,0.0,,,
211,15,2,50 ML BAILEYS C & C 80/20,1670190,,239.2,26.6,,,,none,0.0,,,
212,15,3,50 ML BAILEYS IRISH 80/20,1669099,,239.2,26.6,,,,none,0.0,,,
213,15,4,750ML BUCHAN PINE FIFA GL,0409442,,198.54,28.493,,,,none,0.0,,,
214,15,5,200ML BUCHANAN 12YR 24/6,0409070,,218.16,35.94,,,,none,0.0,,,
215,15,6,1.75L DON JULIO REPOSADO3P,3850020,,297.27,99.09162,,,,none,0.0,,,
216,15,7,50 ML J WALKER BLK 120/12,0443090,,478.8,15.48,,,,none,0.0,,,
217,15,8,750ML MACALLAN SHY OAK 12Y,0460040,,913.08,76.09,,,,none,0.0,,,
218,15,9,CMB@ DON JULIO AST BLAN9P,3806023,,376.06,376.06,,,,none,0.0,,,
219,16,1,50 ML BAILEYS C & C 80/20,1670190,,239.2,26.6,,,,none,0.0,,,
220,16,2,50 ML BAILEYS C & C 80/20,1670190,,239.2,26.6,,,,none,0.0,,,
221,16,3,50 ML BAILEYS IRISH 80/20,1669099,,239.2,26.6,,,,none,0.0,,,
222,16,4,750ML BUCHAN PINE FIFA GL,0409442,,198.54,28.493,,,,none,0.0,,,
223,16,5,200ML BUCHANAN 12YR 24/6,0409070,,218.16,35.94,,,,none,0.0,,,
224,16,6,1.75L DON JULIO REPOSADO3P,3850020,,297.27,99.09162,,,,none,0.0,,,
225,16,7,50 ML J WALKER BLK 120/12,0443090,,478.8,15.48,,,,none,0.0,,,
226,16,8,750ML MACALLAN SHY OAK 12Y,0460040,,913.08,76.09,,,,none,0.0,,,
227,16,9,CMB@ DON JULIO AST BLAN9P,3806023,,376.06,376.06,,,,none,0.0,,,
228,17,1,200ML BARTON VODKA 80,111510,4.0,1.49,286.08,13231,8066047208,BARTON VODKA 200ML,cost+desc,1.0,0.0,,
229,17,2,375ML CROWN ROYAL,54020,2.0,12.19,585.12,613,877600,CROWN ROYAL 375ML,desc,0.859,0.0,,
230,17,3,375ML CROWN ROYAL REGAL APPLE,85720,1.0,12.19,292.56,13469,8200077155,CROWN ROYAL APPLE 375ML,desc,0.742,0.0,,
231,17,4,375ML CROWN ROYAL VANILLA,50920,1.0,12.19,292.56,16232,8200077658,CROWN ROYAL VANILLA 375ML,desc,0.904,0.0,,
232,17,5,50ML CROWN ROYAL 6PK,54000,1.0,8.94,89.4,5197,8719902,CROWN ROYAL 50ML,desc,0.717,499.9999999999999,,
233,17,6,200ML JOHN WALKER GOLD RESERVE,11910,2.0,11.25,540.0,18847,826080,J WALKER GOLD 200 ML ,cost+desc,0.67,0.0,,
234,17,7,750ML 750 ML KETEL ONE VODKA 80,114740,5.0,18.99,1139.4,10484,8515651541,KETEL ONE VODKA 750ML,desc,0.662,0.0,,
235,17,8,50ML KETEL ONE VODKA 80 (PET) 12PK,114700,3.0,15.96,478.8,3795,8515640495,KETEL ONE VODKA 50ML,desc,0.652,1100.0,,
236,17,9,375ML SVEDKA VODKA (PET),117120,5.0,3.57,427.7,4848,617768113752,SVEDKA VODKA 80 375ML,cost+desc,1.0,0.2808988764044884,,
237,17,10,375ML BARTON VODKA 80,111520,0.0,,0.0,13232,8066047207,BARTON VODKA 375ML,desc,0.717,,,
238,17,11,1.75LT BARTON VODKA 80,111560,0.0,,0.0,,,,none,0.0,,,
239,17,12,50ML CROWN ROYAL BLACKBERRY 6PK,72200,0.0,,0.0,,,,none,0.0,,,
240,17,13,50ML CROWN ROYAL REGAL APPLE 6PK,85700,0.0,,0.0,14642,824580,CROWN ROYAL APPLE  50ML,desc,0.662,,,
241,17,14,50ML JOHN WALKER BLACK (PET) 12PK,68900,0.0,,0.0,10886,891110,J WALKER BLACK 50ML,desc,0.591,,,
242,18,1,50 ML BAILEYS C & C 80/20,1670190,1.0,26.6,26.6,,,,none,0.0,,,
243,18,2,50 ML BAILEYS C & C 80/20,1670190,3.0,26.6,79.80000000000001,,,,none,0.0,,,
244,18,3,50 ML BAILEYS IRISH 80/20,1669099,5.0,26.6,133.0,,,,none,0.0,,,
245,18,4,750ML BUCHAN PINE FIFA GL,0409442,3.0,28.493,85.479,,,,none,0.0,,,
246,18,5,200ML BUCHANAN 12YR 24/6,0409070,2.0,35.94,71.88,,,,none,0.0,,,
247,18,6,1.75L DON JULIO REPOSADO3P,3850020,3.0,99.09162,297.27486,,,,none,0.0,,,
248,18,7,50 ML J WALKER BLK 120/12,0443090,10.0,15.48,154.8,,,,none,0.0,,,
249,18,8,750ML MACALLAN SHY OAK 12Y,0460040,1.0,76.09,76.09,11755,8723610000,MACALLAN SHRY CASK 12YR 750ML,cost+desc,0.626,0.0,,
250,18,9,CMB@ DON JULIO AST BLAN9P,3806023,1.0,376.06,376.06,,,,none,0.0,,,
251,19,1,50 ML BAILEYS C & C 80/20,1670190,1.0,26.6,26.6,,,,none,0.0,,,
252,19,2,50 ML BAILEYS C & C 80/20,1670190,3.0,26.6,79.80000000000001,,,,none,0.0,,,
253,19,3,50 ML BAILEYS IRISH 80/20,1669099,5.0,26.6,133.0,,,,none,0.0,,,
254,19,4,750ML BUCHAN PINE FIFA GL,0409442,3.0,28.493,85.479,,,,none,0.0,,,
255,19,5,200ML BUCHANAN 12YR 24/6,0409070,2.0,35.94,71.88,,,,none,0.0,,,
256,19,6,1.75L DON JULIO REPOSADO3P,3850020,3.0,99.09162,297.27486,12245,7454500063,DON JULIO REPOSADO TEQ. 1.75L,cost+desc,0.812,0.0016348773841988289,,
257,19,7,50 ML J WALKER BLK 120/12,0443090,10.0,15.48,154.8,,,,none,0.0,,,
258,19,8,750ML MACALLAN SHY OAK 12Y,0460040,1.0,76.09,76.09,11755,8723610000,MACALLAN SHRY CASK 12YR 750ML,cost+desc,0.626,0.0,,
259,19,9,CMB@ DON JULIO AST BLAN9P,3806023,1.0,376.06,376.06,,,,none,0.0,,,
260,20,1,200ML BARTON VODKA 80,111510,4.0,1.49,286.08,13231,8066047208,BARTON VODKA 200ML,cost+desc,1.0,0.0,,
261,20,2,375ML CROWN ROYAL,54020,2.0,12.19,585.12,613,877600,CROWN ROYAL 375ML,desc,0.859,0.0,,
262,20,3,375ML CROWN ROYAL REGAL APPLE,85720,1.0,12.19,292.56,,,,none,0.0,,,
263,20,4,375ML CROWN ROYAL VANILLA,50920,1.0,12.19,292.56,16232,8200077658,CROWN ROYAL VANILLA 375ML,desc,0.904,0.0,,
264,20,5,50ML CROWN ROYAL 6PK,54000,1.0,8.94,89.4,5197,8719902,CROWN ROYAL 50ML,desc,0.717,499.9999999999999,,
265,20,6,200ML JOHN WALKER GOLD RESERVE,11910,2.0,11.25,540.0,18847,826080,J WALKER GOLD 200 ML ,cost+desc,0.67,0.0,,
266,20,7,750ML 750 ML KETEL ONE VODKA 80,114740,5.0,18.99,1139.4,23668,8515647500,KETEL ONE ORANGE 750,cost+desc,0.5603333333333333,0.0,,
267,20,8,50ML KETEL ONE VODKA 80 (PET) 12PK,114700,3.0,15.96,478.8,3795,8515640495,KETEL ONE VODKA 50ML,desc,0.652,1100.0,,
268,20,9,375ML SVEDKA VODKA (PET),117120,5.0,3.57,427.7,4848,617768113752,SVEDKA VODKA 80 375ML,cost+desc,1.0,0.2808988764044884,,
269,20,10,375ML BARTON VODKA 80,111520,0.0,,0.0,13232,8066047207,BARTON VODKA 375ML,desc,0.717,,,
270,20,11,1.75LT BARTON VODKA 80,111560,0.0,,0.0,7008,8066047261,BARTON VODKA 1.75L,desc,0.71,,,
271,20,12,50ML CROWN ROYAL BLACKBERRY 6PK,72200,0.0,,0.0,,,,none,0.0,,,
272,20,13,50ML CROWN ROYAL REGAL APPLE 6PK,85700,0.0,,0.0,,,,none,0.0,,,
273,20,14,50ML JOHN WALKER BLACK (PET) 12PK,68900,0.0,,0.0,10886,891110,J WALKER BLACK 50ML,desc,0.591,,,
274,21,1,50 ML BAILEYS C & C 80/20,1670190,1.0,26.6,26.6,,,,none,0.0,,,
275,21,2,50 ML BAILEYS C & C 80/20,1670190,3.0,26.6,79.80000000000001,,,,none,0.0,,,
276,21,3,50 ML BAILEYS IRISH 80/20,1669099,5.0,26.6,133.0,,,,none,0.0,,,
277,21,4,750ML BUCHAN PINE FIFA GL,0409442,3.0,28.493,85.479,,,,none,0.0,,,
278,21,5,200ML BUCHANAN 12YR 24/6,0409070,2.0,35.94,71.88,,,,none,0.0,,,
279,21,6,1.75L DON JULIO REPOSADO3P,3850020,3.0,99.09162,297.27486,12245,7454500063,DON JULIO REPOSADO TEQ. 1.75L,cost+desc,0.812,0.0016348773841988289,,
280,21,7,50 ML J WALKER BLK 120/12,0443090,10.0,15.48,154.8,,,,none,0.0,,,
281,21,8,750ML MACALLAN SHY OAK 12Y,0460040,1.0,76.09,76.09,11755,8723610000,MACALLAN SHRY CASK 12YR 750ML,cost+desc,0.626,0.0,,
282,21,9,CMB@ DON JULIO AST BLAN9P,3806023,1.0,376.06,376.06,,,,none,0.0,,,
283,22,1,200ML BARTON VODKA 80,111510,4.0,1.49,286.08,13231,8066047208,BARTON VODKA 200ML,cost+desc,1.0,0.0,,
284,22,2,375ML CROWN ROYAL,54020,2.0,12.19,585.12,613,877600,CROWN ROYAL 375ML,desc,0.859,0.0,,
285,22,3,375ML CROWN ROYAL REGAL APPLE,85720,1.0,12.19,292.56,13469,8200077155,CROWN ROYAL APPLE 375ML,desc,0.742,0.0,,
286,22,4,375ML CROWN ROYAL VANILLA,50920,1.0,12.19,292.56,16232,8200077658,CROWN ROYAL VANILLA 375ML,desc,0.904,0.0,,
287,22,5,50ML CROWN ROYAL 6PK,54000,1.0,8.94,89.4,5197,8719902,CROWN ROYAL 50ML,desc,0.717,499.9999999999999,,
288,22,6,200ML JOHN WALKER GOLD RESERVE,11910,2.0,11.25,540.0,18847,826080,J WALKER GOLD 200 ML ,cost+desc,0.67,0.0,,
289,22,7,750ML 750 ML KETEL ONE VODKA 80,114740,5.0,18.99,1139.4,10484,8515651541,KETEL ONE VODKA 750ML,desc,0.662,0.0,,
290,22,8,50ML KETEL ONE VODKA 80 (PET) 12PK,114700,3.0,15.96,478.8,3795,8515640495,KETEL ONE VODKA 50ML,desc,0.652,1100.0,,
291,22,9,375ML SVEDKA VODKA (PET),117120,5.0,3.57,427.7,4848,617768113752,SVEDKA VODKA 80 375ML,cost+desc,1.0,0.2808988764044884,,
292,22,10,375ML BARTON VODKA 80,111520,0.0,,0.0,13232,8066047207,BARTON VODKA 375ML,desc,0.717,,,
293,22,11,1.75LT BARTON VODKA 80,111560,0.0,,0.0,7008,8066047261,BARTON VODKA 1.75L,desc,0.71,,,
294,22,12,50ML CROWN ROYAL BLACKBERRY 6PK,72200,0.0,,0.0,,,,none,0.0,,,
295,22,13,50ML CROWN ROYAL REGAL APPLE 6PK,85700,0.0,,0.0,14642,824580,CROWN ROYAL APPLE  50ML,desc,0.662,,,
296,22,14,50ML JOHN WALKER BLACK (PET) 12PK,68900,0.0,,0.0,10886,891110,J WALKER BLACK 50ML,desc,0.591,,,
297,23,1,50 ML BAILEYS C & C 80/20,1670190,1.0,26.6,26.6,,,,none,0.0,,,
298,23,2,50 ML BAILEYS C & C 80/20,1670190,3.0,26.6,79.80000000000001,,,,none,0.0,,,
299,23,3,50 ML BAILEYS IRISH 80/20,1669099,5.0,26.6,133.0,,,,none,0.0,,,
300,23,4,750ML BUCHAN PINE FIFA GL,0409442,3.0,28.493,85.479,,,,none,0.0,,,
301,23,5,200ML BUCHANAN 12YR 24/6,0409070,2.0,35.94,71.88,,,,none,0.0,,,
302,23,6,1.75L DON JULIO REPOSADO3P,3850020,3.0,99.09162,297.27486,12245,7454500063,DON JULIO REPOSADO TEQ. 1.75L,cost+desc,0.812,0.0016348773841988289,,
303,23,7,50 ML J WALKER BLK 120/12,0443090,10.0,15.48,154.8,,,,none,0.0,,,
304,23,8,750ML MACALLAN SHY OAK 12Y,0460040,1.0,76.09,76.09,11755,8723610000,MACALLAN SHRY CASK 12YR 750ML,cost+desc,0.626,0.0,,
305,23,9,CMB@ DON JULIO AST BLAN9P,3806023,1.0,376.06,376.06,,,,none,0.0,,,
306,24,1,200ML BARTON VODKA 80,111510,4.0,1.49,286.08,13231,8066047208,BARTON VODKA 200ML,cost+desc,1.0,0.0,,
307,24,2,375ML CROWN ROYAL,54020,2.0,12.19,585.12,613,877600,CROWN ROYAL 375ML,desc,0.859,0.0,,
308,24,3,375ML CROWN ROYAL REGAL APPLE,85720,1.0,12.19,292.56,,,,none,0.0,,,
309,24,4,375ML CROWN ROYAL VANILLA,50920,1.0,12.19,292.56,16232,8200077658,CROWN ROYAL VANILLA 375ML,desc,0.904,0.0,,
310,24,5,50ML CROWN ROYAL 6PK,54000,1.0,8.94,89.4,5197,8719902,CROWN ROYAL 50ML,desc,0.717,499.9999999999999,,
311,24,6,200ML JOHN WALKER GOLD RESERVE,11910,2.0,11.25,540.0,18847,826080,J WALKER GOLD 200 ML ,cost+desc,0.67,0.0,,
312,24,7,750ML 750 ML KETEL ONE VODKA 80,114740,5.0,18.99,1139.4,10484,8515651541,KETEL ONE VODKA 750ML,desc,0.662,0.0,,
313,24,8,50ML KETEL ONE VODKA 80 (PET) 12PK,114700,3.0,15.96,478.8,3795,8515640495,KETEL ONE VODKA 50ML,desc,0.652,1100.0,,
314,24,9,375ML SVEDKA VODKA (PET),117120,5.0,3.57,427.7,4848,617768113752,SVEDKA VODKA 80 375ML,cost+desc,1.0,0.2808988764044884,,
315,24,10,375ML BARTON VODKA 80,111520,0.0,,0.0,13232,8066047207,BARTON VODKA 375ML,desc,0.717,,,
316,24,11,1.75LT BARTON VODKA 80,111560,0.0,,0.0,7008,8066047261,BARTON VODKA 1.75L,desc,0.71,,,
317,24,12,50ML CROWN ROYAL BLACKBERRY 6PK,72200,0.0,,0.0,,,,none,0.0,,,
318,24,13,50ML CROWN ROYAL REGAL APPLE 6PK,85700,0.0,,0.0,,,,none,0.0,,,
319,24,14,50ML JOHN WALKER BLACK (PET) 12PK,68900,0.0,,0.0,10886,891110,J WALKER BLACK 50ML,desc,0.591,,,
320,25,1,50 ML BAILEYS C & C 80/20,1670190,1.0,26.6,26.6,,,,none,0.0,,,
321,25,2,50 ML BAILEYS C & C 80/20,1670190,3.0,26.6,79.80000000000001,,,,none,0.0,,,
322,25,3,50 ML BAILEYS IRISH 80/20,1669099,5.0,26.6,133.0,,,,none,0.0,,,
323,25,4,750ML BUCHAN PINE FIFA GL,0409442,3.0,28.493,85.479,,,,none,0.0,,,
324,25,5,200ML BUCHANAN 12YR 24/6,0409070,2.0,35.94,71.88,15485,8807618117,BUCHANANS 12YR SCOTCH 200ML,desc,0.595,499.9999999999999,,
325,25,6,1.75L DON JULIO REPOSADO3P,3850020,3.0,99.09162,297.27486,12245,7454500063,DON JULIO REPOSADO TEQ. 1.75L,cost+desc,0.812,0.0016348773841988289,,
326,25,7,50 ML J WALKER BLK 120/12,0443090,10.0,15.48,154.8,,,,none,0.0,,,
327,25,8,750ML MACALLAN SHY OAK 12Y,0460040,1.0,76.09,76.09,11755,8723610000,MACALLAN SHRY CASK 12YR 750ML,cost+desc,0.7340000000000001,0.0,,
328,25,9,CMB@ DON JULIO AST BLAN9P,3806023,1.0,376.06,376.06,23403,8807618894,DON JULIO BLANCO TEQ. GIFT,desc,0.477,734.0208471944999,,
329,26,1,200ML BARTON VODKA 80,111510,4.0,1.49,286.08,13231,8066047208,BARTON VODKA 200ML,cost+desc,1.0,0.0,,
330,26,2,375ML CROWN ROYAL,54020,2.0,12.19,585.12,613,877600,CROWN ROYAL 375ML,desc,0.859,0.0,,
331,26,3,375ML CROWN ROYAL REGAL APPLE,85720,1.0,12.19,292.56,,,,none,0.0,,,
332,26,4,375ML CROWN ROYAL VANILLA,50920,1.0,12.19,292.56,16232,8200077658,CROWN ROYAL VANILLA 375ML,desc,0.904,0.0,,
333,26,5,50ML CROWN ROYAL 6PK,54000,1.0,8.94,89.4,5197,8719902,CROWN ROYAL 50ML,desc,0.717,499.9999999999999,,
334,26,6,200ML JOHN WALKER GOLD RESERVE,11910,2.0,11.25,540.0,18847,826080,J WALKER GOLD 200 ML ,cost+desc,0.83,0.0,,
335,26,7,750ML 750 ML KETEL ONE VODKA 80,114740,5.0,18.99,1139.4,10484,8515651541,KETEL ONE VODKA 750ML,desc,0.662,0.0,,
336,26,8,50ML KETEL ONE VODKA 80 (PET) 12PK,114700,3.0,15.96,478.8,3795,8515640495,KETEL ONE VODKA 50ML,desc,0.652,1100.0,,
337,26,9,375ML SVEDKA VODKA (PET),117120,5.0,3.57,427.7,4848,617768113752,SVEDKA VODKA 80 375ML,cost+desc,1.0,0.2808988764044884,,
338,26,10,375ML BARTON VODKA 80,111520,0.0,,0.0,13232,8066047207,BARTON VODKA 375ML,desc,0.717,,,
339,26,11,1.75LT BARTON VODKA 80,111560,0.0,,0.0,7008,8066047261,BARTON VODKA 1.75L,desc,0.71,,,
340,26,12,50ML CROWN ROYAL BLACKBERRY 6PK,72200,0.0,,0.0,,,,none,0.0,,,
341,26,13,50ML CROWN ROYAL REGAL APPLE 6PK,85700,0.0,,0.0,,,,none,0.0,,,
342,26,14,50ML JOHN WALKER BLACK (PET) 12PK,68900,0.0,,0.0,10886,891110,J WALKER BLACK 50ML,desc,0.591,,,
343,27,1,200ML BARTON VODKA 80,111510,4.0,1.49,286.08,13231,8066047208,BARTON VODKA 200ML,cost+desc,1.0,0.0,,
344,27,2,375ML CROWN ROYAL,54020,2.0,12.19,585.12,613,877600,CROWN ROYAL 375ML,desc,0.859,0.0,,
345,27,3,375ML CROWN ROYAL REGAL APPLE,85720,1.0,12.19,292.56,,,,none,0.0,,,
346,27,4,375ML CROWN ROYAL VANILLA,50920,1.0,12.19,292.56,16232,8200077658,CROWN ROYAL VANILLA 375ML,desc,0.904,0.0,,
347,27,5,50ML CROWN ROYAL 6PK,54000,1.0,8.94,89.4,5197,8719902,CROWN ROYAL 50ML,desc,0.717,499.9999999999999,,
348,27,6,200ML JOHN WALKER GOLD RESERVE,11910,2.0,11.25,540.0,18847,826080,J WALKER GOLD 200 ML ,cost+desc,0.83,0.0,,
349,27,7,750ML 750 ML KETEL ONE VODKA 80,114740,5.0,18.99,1139.4,10484,8515651541,KETEL ONE VODKA 750ML,desc,0.662,0.0,,
350,27,8,50ML KETEL ONE VODKA 80 (PET) 12PK,114700,3.0,15.96,478.8,3795,8515640495,KETEL ONE VODKA 50ML,desc,0.652,1100.0,,
351,27,9,375ML SVEDKA VODKA (PET),117120,5.0,3.57,427.7,4848,617768113752,SVEDKA VODKA 80 375ML,cost+desc,1.0,0.2808988764044884,,
352,27,10,375ML BARTON VODKA 80,111520,0.0,,0.0,13232,8066047207,BARTON VODKA 375ML,desc,0.717,,,
353,27,11,1.75LT BARTON VODKA 80,111560,0.0,,0.0,7008,8066047261,BARTON VODKA 1.75L,desc,0.71,,,
354,27,12,50ML CROWN ROYAL BLACKBERRY 6PK,72200,0.0,,0.0,,,,none,0.0,,,
355,27,13,50ML CROWN ROYAL REGAL APPLE 6PK,85700,0.0,,0.0,,,,none,0.0,,,
356,27,14,50ML JOHN WALKER BLACK (PET) 12PK,68900,0.0,,0.0,10886,891110,J WALKER BLACK 50ML,desc,0.591,,,
357,28,1,200ML BARTON VODKA 80,111510,4.0,1.49,286.08,13231,8066047208,BARTON VODKA 200ML,cost+desc,1.0,0.0,,
358,28,2,375ML CROWN ROYAL,54020,2.0,12.19,585.12,613,877600,CROWN ROYAL 375ML,desc,0.859,0.0,,
359,28,3,375ML CROWN ROYAL REGAL APPLE,85720,1.0,12.19,292.56,,,,none,0.0,,,
360,28,4,375ML CROWN ROYAL VANILLA,50920,1.0,12.19,292.56,16232,8200077658,CROWN ROYAL VANILLA 375ML,desc,0.904,0.0,,
361,28,5,50ML CROWN ROYAL 6PK,54000,1.0,8.94,89.4,5197,8719902,CROWN ROYAL 50ML,desc,0.717,499.9999999999999,,
362,28,6,200ML JOHN WALKER GOLD RESERVE,11910,2.0,11.25,540.0,18847,826080,J WALKER GOLD 200 ML ,cost+desc,0.83,0.0,,
363,28,7,750ML 750 ML KETEL ONE VODKA 80,114740,5.0,18.99,1139.4,10484,8515651541,KETEL ONE VODKA 750ML,desc,0.662,0.0,,
364,28,8,50ML KETEL ONE VODKA 80 (PET) 12PK,114700,3.0,15.96,478.8,3795,8515640495,KETEL ONE VODKA 50ML,desc,0.652,1100.0,,
365,28,9,375ML SVEDKA VODKA (PET),117120,5.0,3.57,427.7,4848,617768113752,SVEDKA VODKA 80 375ML,cost+desc,1.0,0.2808988764044884,,
366,28,10,375ML BARTON VODKA 80,111520,0.0,,0.0,13232,8066047207,BARTON VODKA 375ML,desc,0.717,,,
367,28,11,1.75LT BARTON VODKA 80,111560,0.0,,0.0,7008,8066047261,BARTON VODKA 1.75L,desc,0.71,,,
368,28,12,50ML CROWN ROYAL BLACKBERRY 6PK,72200,0.0,,0.0,,,,none,0.0,,,
369,28,13,50ML CROWN ROYAL REGAL APPLE 6PK,85700,0.0,,0.0,,,,none,0.0,,,
370,28,14,50ML JOHN WALKER BLACK (PET) 12PK,68900,0.0,,0.0,10886,891110,J WALKER BLACK 50ML,desc,0.591,,,
385,30,1,200ML BARTON VODKA 80,111510,4.0,1.49,286.08,13231,8066047208,BARTON VODKA 200ML,cost+desc,1.0,0.0,,
386,30,2,375ML CROWN ROYAL,54020,2.0,12.19,585.12,613,877600,CROWN ROYAL 375ML,desc,0.859,0.0,,
387,30,3,375ML CROWN ROYAL REGAL APPLE,85720,1.0,12.19,292.56,13469,8200077155,CROWN ROYAL APPLE 375ML,desc,0.742,0.0,,
388,30,4,375ML CROWN ROYAL VANILLA,50920,1.0,12.19,292.56,16232,8200077658,CROWN ROYAL VANILLA 375ML,desc,0.904,0.0,,
389,30,5,50ML CROWN ROYAL 6PK,54000,1.0,8.94,89.4,5197,8719902,CROWN ROYAL 50ML,desc,0.717,499.9999999999999,,
390,30,6,200ML JOHN WALKER GOLD RESERVE,11910,2.0,11.25,540.0,18847,826080,J WALKER GOLD 200 ML ,cost+desc,0.83,0.0,,
391,30,7,750ML 750 ML KETEL ONE VODKA 80,114740,5.0,18.99,1139.4,10484,8515651541,KETEL ONE VODKA 750ML,desc,0.662,0.0,,
392,30,8,50ML KETEL ONE VODKA 80 (PET) 12PK,114700,3.0,15.96,478.8,3795,8515640495,KETEL ONE VODKA 50ML,desc,0.652,1100.0,,
393,30,9,375ML SVEDKA VODKA (PET),117120,5.0,3.57,427.7,4848,617768113752,SVEDKA VODKA 80 375ML,cost+desc,1.0,0.2808988764044884,,
394,30,10,375ML BARTON VODKA 80,111520,0.0,,0.0,13232,8066047207,BARTON VODKA 375ML,desc,0.717,,,
395,30,11,1.75LT BARTON VODKA 80,111560,0.0,,0.0,7008,8066047261,BARTON VODKA 1.75L,desc,0.71,,,
396,30,12,50ML CROWN ROYAL BLACKBERRY 6PK,72200,0.0,,0.0,,,,none,0.0,,,
397,30,13,50ML CROWN ROYAL REGAL APPLE 6PK,85700,0.0,,0.0,14642,824580,CROWN ROYAL APPLE  50ML,desc,0.662,,,
398,30,14,50ML JOHN WALKER BLACK (PET) 12PK,68900,0.0,,0.0,10886,891110,J WALKER BLACK 50ML,desc,0.591,,,
399,31,1,50 ML BAILEYS C & C 80/20,1670190,1.0,26.6,26.6,,,,none,0.0,,,
400,31,2,50 ML BAILEYS C & C 80/20,1670190,3.0,26.6,79.80000000000001,,,,none,0.0,,,
401,31,3,50 ML BAILEYS IRISH 80/20,1669099,5.0,26.6,133.0,,,,none,0.0,,,
402,31,4,750ML BUCHAN PINE FIFA GL,0409442,3.0,28.493,85.479,,,,none,0.0,,,
403,31,5,200ML BUCHANAN 12YR 24/6,0409070,2.0,35.94,71.88,15485,8807618117,BUCHANANS 12YR SCOTCH 200ML,desc,0.595,499.9999999999999,,
404,31,6,1.75L DON JULIO REPOSADO3P,3850020,3.0,99.09162,297.27486,12245,7454500063,DON JULIO REPOSADO TEQ. 1.75L,cost+desc,0.812,0.0016348773841988289,,
405,31,7,50 ML J WALKER BLK 120/12,0443090,10.0,15.48,154.8,,,,none,0.0,,,
406,31,8,750ML MACALLAN SHY OAK 12Y,0460040,1.0,76.09,76.09,11755,8723610000,MACALLAN SHRY CASK 12YR 750ML,cost+desc,0.7340000000000001,0.0,,
407,31,9,CMB@ DON JULIO AST BLAN9P,3806023,1.0,376.06,376.06,23403,8807618894,DON JULIO BLANCO TEQ. GIFT,desc,0.477,734.0208471944999,,
408,32,1,50 ML BAILEYS C & C 80/20,1670190,1.0,26.6,26.6,,,,none,0.0,,,
409,32,2,50 ML BAILEYS C & C 80/20,1670190,3.0,26.6,79.80000000000001,,,,none,0.0,,,
410,32,3,50 ML BAILEYS IRISH 80/20,1669099,5.0,26.6,133.0,,,,none,0.0,,,
411,32,4,750ML BUCHAN PINE FIFA GL,0409442,3.0,28.493,85.479,,,,none,0.0,,,
412,32,5,200ML BUCHANAN 12YR 24/6,0409070,2.0,35.94,71.88,15485,8807618117,BUCHANANS 12YR SCOTCH 200ML,desc,0.595,499.9999999999999,,
413,32,6,1.75L DON JULIO REPOSADO3P,3850020,3.0,99.09162,297.27486,12245,7454500063,DON JULIO REPOSADO TEQ. 1.75L,cost+desc,0.812,0.0016348773841988289,,
414,32,7,50 ML J WALKER BLK 120/12,0443090,10.0,15.48,154.8,,,,none,0.0,,,
415,32,8,750ML MACALLAN SHY OAK 12Y,0460040,1.0,76.09,76.09,11755,8723610000,MACALLAN SHRY CASK 12YR 750ML,cost+desc,0.7340000000000001,0.0,,
416,32,9,CMB@ DON JULIO AST BLAN9P,3806023,1.0,376.06,376.06,23403,8807618894,DON JULIO BLANCO TEQ. GIFT,desc,0.477,734.0208471944999,,
417,33,1,50 ML BAILEYS C & C 80/20,1670190,1.0,26.6,26.6,,,,none,0.0,,,
418,33,2,50 ML BAILEYS C & C 80/20,1670190,3.0,26.6,79.80000000000001,,,,none,0.0,,,
419,33,3,50 ML BAILEYS IRISH 80/20,1669099,5.0,26.6,133.0,,,,none,0.0,,,
420,33,4,750ML BUCHAN PINE FIFA GL,0409442,3.0,28.493,85.479,,,,none,0.0,,,
421,33,5,200ML BUCHANAN 12YR 24/6,0409070,2.0,35.94,71.88,15485,8807618117,BUCHANANS 12YR SCOTCH 200ML,desc,0.595,499.9999999999999,,
422,33,6,1.75L DON JULIO REPOSADO3P,3850020,3.0,99.09162,297.27486,12245,7454500063,DON JULIO REPOSADO TEQ. 1.75L,cost+desc,0.812,0.0016348773841988289,,
423,33,7,50 ML J WALKER BLK 120/12,0443090,10.0,15.48,154.8,,,,none,0.0,,,
424,33,8,750ML MACALLAN SHY OAK 12Y,0460040,1.0,76.09,76.09,11755,8723610000,MACALLAN SHRY CASK 12YR 750ML,cost+desc,0.7340000000000001,0.0,,
425,33,9,CMB@ DON JULIO AST BLAN9P,3806023,1.0,376.06,376.06,23403,8807618894,DON JULIO BLANCO TEQ. GIFT,desc,0.477,734.0208471944999,,
426,34,1,200ML BARTON VODKA 80,111510,4.0,1.49,286.08,13231,8066047208,BARTON VODKA 200ML,cost+desc,1.0,0.0,,
427,34,2,375ML CROWN ROYAL,54020,2.0,12.19,585.12,613,877600,CROWN ROYAL 375ML,desc,0.859,0.0,,
428,34,3,375ML CROWN ROYAL REGAL APPLE,85720,1.0,12.19,292.56,13469,8200077155,CROWN ROYAL APPLE 375ML,desc,0.742,0.0,,
429,34,4,375ML CROWN ROYAL VANILLA,50920,1.0,12.19,292.56,16232,8200077658,CROWN ROYAL VANILLA 375ML,desc,0.904,0.0,,
430,34,5,50ML CROWN ROYAL 6PK,54000,1.0,8.94,89.4,5197,8719902,CROWN ROYAL 50ML,desc,0.717,499.9999999999999,,
431,34,6,200ML JOHN WALKER GOLD RESERVE,11910,2.0,11.25,540.0,18847,826080,J WALKER GOLD 200 ML ,cost+desc,0.83,0.0,,
432,34,7,750ML 750 ML KETEL ONE VODKA 80,114740,5.0,18.99,1139.4,10484,8515651541,KETEL ONE VODKA 750ML,desc,0.662,0.0,,
433,34,8,50ML KETEL ONE VODKA 80 (PET) 12PK,114700,3.0,15.96,478.8,3795,8515640495,KETEL ONE VODKA 50ML,desc,0.652,1100.0,,
434,34,9,375ML SVEDKA VODKA (PET),117120,5.0,3.57,427.7,4848,617768113752,SVEDKA VODKA 80 375ML,cost+desc,1.0,0.2808988764044884,,
435,34,10,375ML BARTON VODKA 80,111520,0.0,,0.0,13232,8066047207,BARTON VODKA 375ML,desc,0.717,,,
436,34,11,1.75LT BARTON VODKA 80,111560,0.0,,0.0,7008,8066047261,BARTON VODKA 1.75L,desc,0.71,,,
437,34,12,50ML CROWN ROYAL BLACKBERRY 6PK,72200,0.0,,0.0,,,,none,0.0,,,
438,34,13,50ML CROWN ROYAL REGAL APPLE 6PK,85700,0.0,,0.0,14642,824580,CROWN ROYAL APPLE  50ML,desc,0.662,,,
439,34,14,50ML JOHN WALKER BLACK (PET) 12PK,68900,0.0,,0.0,10886,891110,J WALKER BLACK 50ML,desc,0.591,,,
440,35,1,50 ML BAILEYS C & C 80/20,1670190,1.0,26.6,26.6,,,,none,0.0,,,
441,35,2,50 ML BAILEYS C & C 80/20,1670190,3.0,26.6,79.80000000000001,,,,none,0.0,,,
442,35,3,50 ML BAILEYS IRISH 80/20,1669099,5.0,26.6,133.0,,,,none,0.0,,,
443,35,4,750ML BUCHAN PINE FIFA GL,0409442,3.0,28.493,85.479,,,,none,0.0,,,
444,35,5,200ML BUCHANAN 12YR 24/6,0409070,2.0,35.94,71.88,15485,8807618117,BUCHANANS 12YR SCOTCH 200ML,desc,0.595,499.9999999999999,,
445,35,6,1.75L DON JULIO REPOSADO3P,3850020,3.0,99.09162,297.27486,12245,7454500063,DON JULIO REPOSADO TEQ. 1.75L,cost+desc,0.812,0.0016348773841988289,,
446,35,7,50 ML J WALKER BLK 120/12,0443090,10.0,15.48,154.8,,,,none,0.0,,,
447,35,8,750ML MACALLAN SHY OAK 12Y,0460040,1.0,76.09,76.09,11755,8723610000,MACALLAN SHRY CASK 12YR 750ML,cost+desc,0.7340000000000001,0.0,,
448,35,9,CMB@ DON JULIO AST BLAN9P,3806023,1.0,376.06,376.06,23403,8807618894,DON JULIO BLANCO TEQ. GIFT,desc,0.477,734.0208471944999,,
449,36,1,200ML BARTON VODKA 80,111510,4.0,1.49,286.08,13231,8066047208,BARTON VODKA 200ML,cost+desc,1.0,0.0,,
450,36,2,375ML CROWN ROYAL,54020,2.0,12.19,585.12,613,877600,CROWN ROYAL 375ML,desc,0.859,0.0,,
451,36,3,375ML CROWN ROYAL REGAL APPLE,85720,1.0,12.19,292.56,13469,8200077155,CROWN ROYAL APPLE 375ML,desc,0.742,0.0,,
452,36,4,375ML CROWN ROYAL VANILLA,50920,1.0,12.19,292.56,16232,8200077658,CROWN ROYAL VANILLA 375ML,desc,0.904,0.0,,
453,36,5,50ML CROWN ROYAL 6PK,54000,1.0,8.94,89.4,5197,8719902,CROWN ROYAL 50ML,desc,0.717,499.9999999999999,,
454,36,6,200ML JOHN WALKER GOLD RESERVE,11910,2.0,11.25,540.0,18847,826080,J WALKER GOLD 200 ML ,cost+desc,0.83,0.0,,
455,36,7,750ML 750 ML KETEL ONE VODKA 80,114740,5.0,18.99,1139.4,10484,8515651541,KETEL ONE VODKA 750ML,desc,0.662,0.0,,
456,36,8,50ML KETEL ONE VODKA 80 (PET) 12PK,114700,3.0,15.96,478.8,3795,8515640495,KETEL ONE VODKA 50ML,desc,0.652,1100.0,,
457,36,9,375ML SVEDKA VODKA (PET),117120,5.0,3.57,427.7,4848,617768113752,SVEDKA VODKA 80 375ML,cost+desc,1.0,0.2808988764044884,,
458,36,10,375ML BARTON VODKA 80,111520,0.0,,0.0,13232,8066047207,BARTON VODKA 375ML,desc,0.717,,,
459,36,11,1.75LT BARTON VODKA 80,111560,0.0,,0.0,7008,8066047261,BARTON VODKA 1.75L,desc,0.71,,,
460,36,12,50ML CROWN ROYAL BLACKBERRY 6PK,72200,0.0,,0.0,,,,none,0.0,,,
461,36,13,50ML CROWN ROYAL REGAL APPLE 6PK,85700,0.0,,0.0,14642,824580,CROWN ROYAL APPLE  50ML,desc,0.662,,,
462,36,14,50ML JOHN WALKER BLACK (PET) 12PK,68900,0.0,,0.0,10886,891110,J WALKER BLACK 50ML,desc,0.591,,,
463,37,1,750ML ESPOLON BLANCO TEQUILA,232770,6.0,29.09,2094.48,19183,2105970750,ESPOLON TEQUILA BLANCO 750ML,cost+desc,1.0,0.0,,
464,37,2,750ML ESPOLON REPOSADO TEQUILA,232680,4.0,31.09,1492.32,21058,2105970751,ESPOLON TEQUILA REPOSADO 750ML,cost+desc,1.0,0.0,,
465,37,3,APR 1-26,TEQUILA,700009.0,0.0005142791021258298,360.0,,,,none,0.0,,,
466,38,1,50 ML BAILEYS C & C 80/20,1670190,1.0,26.6,26.6,,,,none,0.0,,,
467,38,2,50 ML BAILEYS C & C 80/20,1670190,3.0,26.6,79.80000000000001,,,,none,0.0,,,
468,38,3,50 ML BAILEYS IRISH 80/20,1669099,5.0,26.6,133.0,,,,none,0.0,,,
469,38,4,750ML BUCHAN PINE FIFA GL,0409442,3.0,28.493,85.479,,,,none,0.0,,,
470,38,5,200ML BUCHANAN 12YR 24/6,0409070,2.0,35.94,71.88,15485,8807618117,BUCHANANS 12YR SCOTCH 200ML,desc,0.595,499.9999999999999,,
471,38,6,1.75L DON JULIO REPOSADO3P,3850020,3.0,99.09162,297.27486,12245,7454500063,DON JULIO REPOSADO TEQ. 1.75L,cost+desc,0.812,0.0016348773841988289,,
472,38,7,50 ML J WALKER BLK 120/12,0443090,10.0,15.48,154.8,,,,none,0.0,,,
473,38,8,750ML MACALLAN SHY OAK 12Y,0460040,1.0,76.09,76.09,11755,8723610000,MACALLAN SHRY CASK 12YR 750ML,cost+desc,0.7340000000000001,0.0,,
474,38,9,CMB@ DON JULIO AST BLAN9P,3806023,1.0,376.06,376.06,23403,8807618894,DON JULIO BLANCO TEQ. GIFT,desc,0.477,734.0208471944999,,
475,39,1,200ML BARTON VODKA 80,111510,4.0,1.49,286.08,13231,8066047208,BARTON VODKA 200ML,cost+desc,1.0,0.0,,
476,39,2,375ML CROWN ROYAL,54020,2.0,12.19,585.12,613,877600,CROWN ROYAL 375ML,desc,0.859,0.0,,
477,39,3,375ML CROWN ROYAL REGAL APPLE,85720,1.0,12.19,292.56,13469,8200077155,CROWN ROYAL APPLE 375ML,desc,0.742,0.0,,
478,39,4,375ML CROWN ROYAL VANILLA,50920,1.0,12.19,292.56,16232,8200077658,CROWN ROYAL VANILLA 375ML,desc,0.904,0.0,,
479,39,5,50ML CROWN ROYAL 6PK,54000,1.0,8.94,89.4,5197,8719902,CROWN ROYAL 50ML,desc,0.717,499.9999999999999,,
480,39,6,200ML JOHN WALKER GOLD RESERVE,11910,2.0,11.25,540.0,18847,826080,J WALKER GOLD 200 ML ,cost+desc,0.83,0.0,,
481,39,7,750ML 750 ML KETEL ONE VODKA 80,114740,5.0,18.99,1139.4,10484,8515651541,KETEL ONE VODKA 750ML,desc,0.662,0.0,,
482,39,8,50ML KETEL ONE VODKA 80 (PET) 12PK,114700,3.0,15.96,478.8,3795,8515640495,KETEL ONE VODKA 50ML,desc,0.652,1100.0,,
483,39,9,375ML SVEDKA VODKA (PET),117120,5.0,3.57,427.7,4848,617768113752,SVEDKA VODKA 80 375ML,cost+desc,1.0,0.2808988764044884,,
484,39,10,375ML BARTON VODKA 80,111520,0.0,,0.0,13232,8066047207,BARTON VODKA 375ML,desc,0.717,,,
485,39,11,1.75LT BARTON VODKA 80,111560,0.0,,0.0,7008,8066047261,BARTON VODKA 1.75L,desc,0.71,,,
486,39,12,50ML CROWN ROYAL BLACKBERRY 6PK,72200,0.0,,0.0,,,,none,0.0,,,
487,39,13,50ML CROWN ROYAL REGAL APPLE 6PK,85700,0.0,,0.0,14642,824580,CROWN ROYAL APPLE  50ML,desc,0.662,,,
488,39,14,50ML JOHN WALKER BLACK (PET) 12PK,68900,0.0,,0.0,10886,891110,J WALKER BLACK 50ML,desc,0.591,,,
489,40,1,750ML ESPOLON BLANCO TEQUILA,232770,6.0,29.09,2094.48,19183,2105970750,ESPOLON TEQUILA BLANCO 750ML,cost+desc,1.0,0.0,,
490,40,2,750ML ESPOLON REPOSADO TEQUILA,232680,4.0,31.09,1492.32,21058,2105970751,ESPOLON TEQUILA REPOSADO 750ML,cost+desc,1.0,0.0,,
491,40,3,APR 1-26,TEQUILA,700009.0,0.0005142791021258298,360.0,,,,none,0.0,,,
492,41,1,50 ML BAILEYS C & C 80/20,1670190,1.0,26.6,26.6,,,,none,0.0,,,
493,41,2,50 ML BAILEYS C & C 80/20,1670190,3.0,26.6,79.80000000000001,,,,none,0.0,,,
494,41,3,50 ML BAILEYS IRISH 80/20,1669099,5.0,26.6,133.0,,,,none,0.0,,,
495,41,4,750ML BUCHAN PINE FIFA GL,0409442,3.0,28.493,85.479,,,,none,0.0,,,
496,41,5,200ML BUCHANAN 12YR 24/6,0409070,2.0,35.94,71.88,15485,8807618117,BUCHANANS 12YR SCOTCH 200ML,desc,0.595,499.9999999999999,,
497,41,6,1.75L DON JULIO REPOSADO3P,3850020,3.0,99.09162,297.27486,12245,7454500063,DON JULIO REPOSADO TEQ. 1.75L,cost+desc,0.812,0.0016348773841988289,,
498,41,7,50 ML J WALKER BLK 120/12,0443090,10.0,15.48,154.8,,,,none,0.0,,,
499,41,8,750ML MACALLAN SHY OAK 12Y,0460040,1.0,76.09,76.09,11755,8723610000,MACALLAN SHRY CASK 12YR 750ML,cost+desc,0.7340000000000001,0.0,,
500,41,9,CMB@ DON JULIO AST BLAN9P,3806023,1.0,376.06,376.06,23403,8807618894,DON JULIO BLANCO TEQ. GIFT,desc,0.477,734.0208471944999,,
501,42,1,50 ML BAILEYS C & C 80/20,1670190,1.0,26.6,106.4,,,,none,0.0,,,
502,42,2,50 ML BAILEYS C & C 80/20,1670190,3.0,26.6,319.2,,,,none,0.0,,,
503,42,3,50 ML BAILEYS IRISH 80/20,1669099,5.0,26.6,532.0,,,,none,0.0,,,
504,42,4,750ML BUCHAN PINE FIFA GL,0409442,3.0,28.493,512.82,,,,none,0.0,,,
505,42,5,200ML BUCHANAN 12YR 24/6,0409070,2.0,35.94,287.52,15485,8807618117,BUCHANANS 12YR SCOTCH 200ML,desc,0.595,499.9999999999999,,
506,42,6,1.75L DON JULIO REPOSADO3P,3850020,3.0,99.09162,891.81,12245,7454500063,DON JULIO REPOSADO TEQ. 1.75L,cost+desc,0.812,0.0016348773841988289,,
507,42,7,50 ML J WALKER BLK 120/12,0443090,10.0,15.48,8.0,,,,none,0.0,,,
508,42,8,750ML MACALLAN SHY OAK 12Y,0460040,1.0,76.09,913.08,11755,8723610000,MACALLAN SHRY CASK 12YR 750ML,cost+desc,0.7340000000000001,0.0,,
509,42,9,CMB@ DON JULIO AST BLAN9P,3806023,1.0,376.06,376.06,23403,8807618894,DON JULIO BLANCO TEQ. GIFT,desc,0.477,734.0208471944999,,
510,42,10,1.75L @@DON JULIO BLANCO 3P,3806020,1.0,375.0,375.0,12244,7454500062,DON JULIO BLANCO TEQ. 1.75L,desc,0.652,320.92266247614765,,
511,43,1,50 ML BAILEYS C & C 80/20,1670190,1.0,26.6,106.4,,,,none,0.0,,,
512,43,2,50 ML BAILEYS C & C 80/20,1670190,3.0,26.6,319.2,,,,none,0.0,,,
513,43,3,50 ML BAILEYS IRISH 80/20,1669099,5.0,26.6,532.0,,,,none,0.0,,,
514,43,4,750ML BUCHAN PINE FIFA GL,0409442,3.0,28.493,512.82,,,,none,0.0,,,
515,43,5,200ML BUCHANAN 12YR 24/6,0409070,2.0,35.94,287.52,15485,8807618117,BUCHANANS 12YR SCOTCH 200ML,desc,0.595,499.9999999999999,,
516,43,6,1.75L DON JULIO REPOSADO3P,3850020,3.0,99.09162,891.81,12245,7454500063,DON JULIO REPOSADO TEQ. 1.75L,cost+desc,0.812,0.0016348773841988289,,
517,43,7,50 ML J WALKER BLK 120/12,0443090,10.0,15.48,1548.0,,,,none,0.0,,,
518,43,8,750ML MACALLAN SHY OAK 12Y,0460040,1.0,76.09,913.08,11755,8723610000,MACALLAN SHRY CASK 12YR 750ML,cost+desc,0.7340000000000001,0.0,,
519,43,9,CMB@ DON JULIO AST BLAN9P,3806023,1.0,376.06,376.06,23403,8807618894,DON JULIO BLANCO TEQ. GIFT,desc,0.477,734.0208471944999,,
520,43,10,1.75L @@DON JULIO BLANCO 3P,3806020,1.0,375.0,375.0,12244,7454500062,DON JULIO BLANCO TEQ. 1.75L,desc,0.652,320.92266247614765,,
521,44,1,50 ML BAILEYS C & C 80/20,1670190,1.0,26.6,106.4,,,,none,0.0,,,
522,44,2,50 ML BAILEYS C & C 80/20,1670190,3.0,26.6,319.2,,,,none,0.0,,,
523,44,3,50 ML BAILEYS IRISH 80/20,1669099,5.0,26.6,532.0,,,,none,0.0,,,
524,44,4,750ML BUCHAN PINE FIFA GL,0409442,3.0,28.493,512.82,,,,none,0.0,,,
525,44,5,200ML BUCHANAN 12YR 24/6,0409070,2.0,35.94,287.52,15485,8807618117,BUCHANANS 12YR SCOTCH 200ML,desc,0.595,499.9999999999999,,
526,44,6,1.75L DON JULIO REPOSADO3P,3850020,3.0,99.09162,891.81,12245,7454500063,DON JULIO REPOSADO TEQ. 1.75L,cost+desc,0.812,0.0016348773841988289,,
527,44,7,50 ML J WALKER BLK 120/12,0443090,10.0,15.48,1548.0,,,,none,0.0,,,
528,44,8,750ML MACALLAN SHY OAK 12Y,0460040,1.0,76.09,913.08,11755,8723610000,MACALLAN SHRY CASK 12YR 750ML,cost+desc,0.7340000000000001,0.0,,
529,44,9,CMB@ DON JULIO AST BLAN9P,3806023,1.0,376.06,376.06,23403,8807618894,DON JULIO BLANCO TEQ. GIFT,desc,0.477,734.0208471944999,,
530,44,10,1.75L @@DON JULIO BLANCO 3P,3806020,1.0,1.75,1.75,12244,7454500062,DON JULIO BLANCO TEQ. 1.75L,desc,0.652,98.03569424177797,,
531,45,1,50 ML BAILEYS C & C 80/20,1670190,1.0,26.6,106.4,,,,none,0.0,,,
532,45,2,50 ML BAILEYS C & C 80/20,1670190,3.0,26.6,319.2,,,,none,0.0,,,
533,45,3,50 ML BAILEYS IRISH 80/20,1669099,5.0,26.6,532.0,,,,none,0.0,,,
534,45,4,750ML BUCHAN PINE FIFA GL,0409442,3.0,28.493,512.82,,,,none,0.0,,,
535,45,5,200ML BUCHANAN 12YR 24/6,0409070,2.0,35.94,287.52,15485,8807618117,BUCHANANS 12YR SCOTCH 200ML,desc,0.595,499.9999999999999,,
536,45,6,1.75L DON JULIO REPOSADO3P,3850020,3.0,99.09162,891.81,12245,7454500063,DON JULIO REPOSADO TEQ. 1.75L,cost+desc,0.812,0.0016348773841988289,,
537,45,7,50 ML J WALKER BLK 120/12,0443090,10.0,15.48,1548.0,,,,none,0.0,,,
538,45,8,750ML MACALLAN SHY OAK 12Y,0460040,1.0,76.09,913.08,11755,8723610000,MACALLAN SHRY CASK 12YR 750ML,cost+desc,0.7340000000000001,0.0,,
539,45,9,CMB@ DON JULIO AST BLAN9P,3806023,1.0,376.06,376.06,23403,8807618894,DON JULIO BLANCO TEQ. GIFT,desc,0.477,734.0208471944999,,
540,46,1,200ML BARTON VODKA 80,111510,4.0,1.49,286.08,13231,8066047208,BARTON VODKA 200ML,cost+desc,1.0,0.0,,
541,46,2,375ML CROWN ROYAL,54020,2.0,12.19,585.12,613,877600,CROWN ROYAL 375ML,desc,0.859,0.0,,
542,46,3,375ML CROWN ROYAL REGAL APPLE,85720,1.0,12.19,292.56,13469,8200077155,CROWN ROYAL APPLE 375ML,desc,0.742,0.0,,
543,46,4,375ML CROWN ROYAL VANILLA,50920,1.0,12.19,292.56,16232,8200077658,CROWN ROYAL VANILLA 375ML,desc,0.904,0.0,,
544,46,5,50ML CROWN ROYAL 6PK,54000,1.0,8.94,89.4,5197,8719902,CROWN ROYAL 50ML,desc,0.717,499.9999999999999,,
545,46,6,200ML JOHN WALKER GOLD RESERVE,11910,2.0,11.25,540.0,18847,826080,J WALKER GOLD 200 ML ,cost+desc,0.83,0.0,,
546,46,7,750ML 750 ML KETEL ONE VODKA 80,114740,5.0,18.99,1139.4,10484,8515651541,KETEL ONE VODKA 750ML,desc,0.662,0.0,,
547,46,8,50ML KETEL ONE VODKA 80 (PET) 12PK,114700,3.0,15.96,478.8,3795,8515640495,KETEL ONE VODKA 50ML,desc,0.652,1100.0,,
548,46,9,375ML SVEDKA VODKA (PET),117120,5.0,3.57,427.7,4848,617768113752,SVEDKA VODKA 80 375ML,cost+desc,1.0,0.2808988764044884,,
549,47,1,50 ML BAILEYS C & C 80/20,1670190,1.0,26.6,106.4,,,,none,0.0,,,
550,47,2,50 ML BAILEYS C & C 80/20,1670190,3.0,26.6,319.2,,,,none,0.0,,,
551,47,3,50 ML BAILEYS IRISH 80/20,1669099,5.0,26.6,532.0,,,,none,0.0,,,
552,47,4,750ML BUCHAN PINE FIFA GL,0409442,3.0,28.493,512.82,,,,none,0.0,,,
553,47,5,200ML BUCHANAN 12YR 24/6,0409070,2.0,35.94,287.52,15485,8807618117,BUCHANANS 12YR SCOTCH 200ML,desc,0.595,499.9999999999999,,
554,47,6,1.75L DON JULIO REPOSADO3P,3850020,3.0,99.09162,891.81,12245,7454500063,DON JULIO REPOSADO TEQ. 1.75L,cost+desc,0.812,0.0016348773841988289,,
555,47,7,50 ML J WALKER BLK 120/12,0443090,10.0,15.48,1548.0,,,,none,0.0,,,
556,47,8,750ML MACALLAN SHY OAK 12Y,0460040,1.0,76.09,913.08,11755,8723610000,MACALLAN SHRY CASK 12YR 750ML,cost+desc,0.7340000000000001,0.0,,
557,47,9,CMB@ DON JULIO AST BLAN9P,3806023,1.0,376.06,376.06,23403,8807618894,DON JULIO BLANCO TEQ. GIFT,desc,0.477,734.0208471944999,,
558,48,1,50 ML BAILEYS C & C 80/20,1670190,1.0,26.6,106.4,24932,8676770566,BAILEY  IRISH C & C 50ML,cost+desc,0.495,0.0,matched via per-bottle: $26.60 ÷ 20 = $1.33/bottle (catalog $1.33),
559,48,2,50 ML BAILEYS C & C 80/20,1670190,3.0,26.6,319.2,24932,8676770566,BAILEY  IRISH C & C 50ML,cost+desc,0.495,0.0,matched via per-bottle: $26.60 ÷ 20 = $1.33/bottle (catalog $1.33),
560,48,3,50 ML BAILEYS IRISH 80/20,1669099,5.0,26.6,532.0,13115,8676721012,BAILEY  IRISH 50ML,cost+desc,0.51,0.0,matched via per-bottle: $26.60 ÷ 20 = $1.33/bottle (catalog $1.33),
561,48,4,750ML BUCHAN PINE FIFA GL,0409442,3.0,28.493,512.82,,,,none,0.0,,,
562,48,5,200ML BUCHANAN 12YR 24/6,0409070,2.0,35.94,287.52,15485,8807618117,BUCHANANS 12YR SCOTCH 200ML,desc,0.595,499.9999999999999,,
563,48,6,1.75L DON JULIO REPOSADO3P,3850020,3.0,99.09162,891.81,12245,7454500063,DON JULIO REPOSADO TEQ. 1.75L,cost+desc,0.812,0.0016348773841988289,,
564,48,7,50 ML J WALKER BLK 120/12,0443090,10.0,15.48,1548.0,10886,891110,J WALKER BLACK 50ML,cost+desc,0.5566666666666666,0.0,matched via per-bottle: $15.48 ÷ 12 = $1.29/bottle (catalog $1.29),
565,48,8,750ML MACALLAN SHY OAK 12Y,0460040,1.0,76.09,913.08,11755,8723610000,MACALLAN SHRY CASK 12YR 750ML,cost+desc,0.7340000000000001,0.0,,
566,48,9,CMB@ DON JULIO AST BLAN9P,3806023,1.0,376.06,376.06,,,,none,0.0,,,
567,49,1,200ML BARTON VODKA 80,111510,4.0,1.49,286.08,13231,8066047208,BARTON VODKA 200ML,cost+desc,1.0,0.0,,
568,49,2,375ML CROWN ROYAL,54020,2.0,12.19,585.12,613,877600,CROWN ROYAL 375ML,desc,0.859,0.0,,
569,49,3,375ML CROWN ROYAL REGAL APPLE,85720,1.0,12.19,292.56,,,,none,0.0,,,
570,49,4,375ML CROWN ROYAL VANILLA,50920,1.0,12.19,292.56,16232,8200077658,CROWN ROYAL VANILLA 375ML,desc,0.904,0.0,,
571,49,5,50ML CROWN ROYAL 6PK,54000,1.0,8.94,89.4,5197,8719902,CROWN ROYAL 50ML,desc,0.717,499.9999999999999,,
572,49,6,200ML JOHN WALKER GOLD RESERVE,11910,2.0,11.25,540.0,18847,826080,J WALKER GOLD 200 ML ,cost+desc,0.83,0.0,,
573,49,7,750ML 750 ML KETEL ONE VODKA 80,114740,5.0,18.99,1139.4,10484,8515651541,KETEL ONE VODKA 750ML,desc,0.662,0.0,,
574,49,8,50ML KETEL ONE VODKA 80 (PET) 12PK,114700,3.0,15.96,478.8,3795,8515640495,KETEL ONE VODKA 50ML,desc,0.652,1100.0,,
575,49,9,375ML SVEDKA VODKA (PET),117120,5.0,3.57,427.7,4848,617768113752,SVEDKA VODKA 80 375ML,cost+desc,1.0,0.2808988764044884,,
576,50,1,50 ML BAILEYS C & C 80/20,1670190,1.0,26.6,106.4,24932,8676770566,BAILEY  IRISH C & C 50ML,cost+desc,0.495,0.0,matched via per-bottle: $26.60 ÷ 20 = $1.33/bottle (catalog $1.33),
577,50,2,50 ML BAILEYS C & C 80/20,1670190,3.0,26.6,319.2,24932,8676770566,BAILEY  IRISH C & C 50ML,cost+desc,0.495,0.0,matched via per-bottle: $26.60 ÷ 20 = $1.33/bottle (catalog $1.33),
578,50,3,50 ML BAILEYS IRISH 80/20,1669099,5.0,26.6,532.0,13115,8676721012,BAILEY  IRISH 50ML,cost+desc,0.51,0.0,matched via per-bottle: $26.60 ÷ 20 = $1.33/bottle (catalog $1.33),
579,50,4,750ML BUCHAN PINE FIFA GL,0409442,3.0,28.493,512.82,,,,none,0.0,,,
580,50,5,200ML BUCHANAN 12YR 24/6,0409070,2.0,35.94,287.52,15485,8807618117,BUCHANANS 12YR SCOTCH 200ML,desc,0.595,499.9999999999999,,
581,50,6,1.75L DON JULIO REPOSADO3P,3850020,3.0,99.09162,891.81,12245,7454500063,DON JULIO REPOSADO TEQ. 1.75L,cost+desc,0.812,0.0016348773841988289,,
582,50,7,50 ML J WALKER BLK 120/12,0443090,10.0,15.48,1548.0,10886,891110,J WALKER BLACK 50ML,cost+desc,0.5566666666666666,0.0,matched via per-bottle: $15.48 ÷ 12 = $1.29/bottle (catalog $1.29),
583,50,8,750ML MACALLAN SHY OAK 12Y,0460040,1.0,76.09,913.08,11755,8723610000,MACALLAN SHRY CASK 12YR 750ML,cost+desc,0.7340000000000001,0.0,,
584,50,9,CMB@ DON JULIO AST BLAN9P,3806023,1.0,376.06,376.06,,,,none,0.0,,,
585,51,1,50 ML BAILEYS C & C 80/20,1670190,1.0,26.6,106.4,24932,8676770566,BAILEY  IRISH C & C 50ML,cost+desc,0.495,0.0,matched via per-bottle: $26.60 ÷ 20 = $1.33/bottle (catalog $1.33),
586,51,2,50 ML BAILEYS C & C 80/20,1670190,3.0,26.6,319.2,24932,8676770566,BAILEY  IRISH C & C 50ML,cost+desc,0.495,0.0,matched via per-bottle: $26.60 ÷ 20 = $1.33/bottle (catalog $1.33),
587,51,3,50 ML BAILEYS IRISH 80/20,1669099,5.0,26.6,532.0,13115,8676721012,BAILEY  IRISH 50ML,cost+desc,0.51,0.0,matched via per-bottle: $26.60 ÷ 20 = $1.33/bottle (catalog $1.33),
588,51,4,750ML BUCHAN PINE FIFA GL,0409442,3.0,28.493,512.82,,,,none,0.0,,,
589,51,5,200ML BUCHANAN 12YR 24/6,0409070,2.0,35.94,287.52,15485,8807618117,BUCHANANS 12YR SCOTCH 200ML,desc,0.595,499.9999999999999,,
590,51,6,1.75L DON JULIO REPOSADO3P,3850020,3.0,99.09162,891.81,12245,7454500063,DON JULIO REPOSADO TEQ. 1.75L,cost+desc,0.812,0.0016348773841988289,,
591,51,7,50 ML J WALKER BLK 120/12,0443090,10.0,15.48,1548.0,10886,891110,J WALKER BLACK 50ML,cost+desc,0.5566666666666666,0.0,matched via per-bottle: $15.48 ÷ 12 = $1.29/bottle (catalog $1.29),
592,51,8,750ML MACALLAN SHY OAK 12Y,0460040,1.0,76.09,913.08,11755,8723610000,MACALLAN SHRY CASK 12YR 750ML,cost+desc,0.7340000000000001,0.0,,
593,51,9,CMB@ DON JULIO AST BLAN9P,3806023,1.0,376.06,376.06,,,,none,0.0,,,
594,52,1,200ML BARTON VODKA 80,111510,4.0,1.49,286.08,13231,8066047208,BARTON VODKA 200ML,cost+desc,1.0,0.0,,
595,52,2,375ML CROWN ROYAL,54020,2.0,12.19,585.12,613,877600,CROWN ROYAL 375ML,desc,0.859,0.0,,
596,52,3,375ML CROWN ROYAL REGAL APPLE,85720,1.0,12.19,292.56,,,,none,0.0,,,
597,52,4,375ML CROWN ROYAL VANILLA,50920,1.0,12.19,292.56,16232,8200077658,CROWN ROYAL VANILLA 375ML,desc,0.904,0.0,,
598,52,5,50ML CROWN ROYAL 6PK,54000,1.0,8.94,89.4,5197,8719902,CROWN ROYAL 50ML,desc,0.717,499.9999999999999,,
599,52,6,200ML JOHN WALKER GOLD RESERVE,11910,2.0,11.25,540.0,18847,826080,J WALKER GOLD 200 ML ,cost+desc,0.83,0.0,,
600,52,7,750ML 750 ML KETEL ONE VODKA 80,114740,5.0,18.99,1139.4,10484,8515651541,KETEL ONE VODKA 750ML,desc,0.662,0.0,,
601,52,8,50ML KETEL ONE VODKA 80 (PET) 12PK,114700,3.0,15.96,478.8,3795,8515640495,KETEL ONE VODKA 50ML,desc,0.652,1100.0,,
602,52,9,375ML SVEDKA VODKA (PET),117120,5.0,3.57,427.7,4848,617768113752,SVEDKA VODKA 80 375ML,cost+desc,1.0,0.2808988764044884,,
603,53,1,50 ML BAILEYS C & C 80/20,1670190,1.0,26.6,106.4,24932,8676770566,BAILEY  IRISH C & C 50ML,cost+desc,0.5616666666666666,0.0,matched via per-bottle: $26.60 ÷ 20 = $1.33/bottle (catalog $1.33),
604,53,2,50 ML BAILEYS C & C 80/20,1670190,3.0,26.6,319.2,24932,8676770566,BAILEY  IRISH C & C 50ML,cost+desc,0.5616666666666666,0.0,matched via per-bottle: $26.60 ÷ 20 = $1.33/bottle (catalog $1.33),
605,53,3,50 ML BAILEYS IRISH 80/20,1669099,5.0,26.6,532.0,13115,8676721012,BAILEY  IRISH 50ML,cost+desc,0.81,0.0,matched via per-bottle: $26.60 ÷ 20 = $1.33/bottle (catalog $1.33),
606,53,4,750ML BUCHAN PINE FIFA GL,0409442,3.0,28.493,512.82,25014,8807619118,BUCHANAN'S PINEAPPLE GIFT SET ,cost+desc,0.8233333333333334,0.01053001053001093,,
607,53,5,200ML BUCHANAN 12YR 24/6,0409070,2.0,35.94,287.52,15485,8807618117,BUCHANANS 12YR SCOTCH 200ML,desc,0.595,499.9999999999999,,
608,53,6,1.75L DON JULIO REPOSADO3P,3850020,3.0,99.09162,891.81,12245,7454500063,DON JULIO REPOSADO TEQ. 1.75L,cost+desc,0.812,0.0016348773841988289,,
609,53,7,50 ML J WALKER BLK 120/12,0443090,10.0,15.48,1548.0,10886,891110,J WALKER BLACK 50ML,cost+desc,0.5566666666666666,0.0,matched via per-bottle: $15.48 ÷ 12 = $1.29/bottle (catalog $1.29),
610,53,8,750ML MACALLAN SHY OAK 12Y,0460040,1.0,76.09,913.08,11755,8723610000,MACALLAN SHRY CASK 12YR 750ML,cost+desc,0.784,0.0,,
611,53,9,CMB@ DON JULIO AST BLAN9P,3806023,1.0,376.06,376.06,,,,none,0.0,,,
612,54,1,200ML BARTON VODKA 80,111510,4.0,1.49,286.08,13231,8066047208,BARTON VODKA 200ML,cost+desc,1.0,0.0,,
613,54,2,375ML CROWN ROYAL,54020,2.0,12.19,585.12,613,877600,CROWN ROYAL 375ML,desc,0.859,0.0,,
614,54,3,375ML CROWN ROYAL REGAL APPLE,85720,1.0,12.19,292.56,13469,8200077155,CROWN ROYAL APPLE 375ML,desc,0.742,0.0,,
615,54,4,375ML CROWN ROYAL VANILLA,50920,1.0,12.19,292.56,16232,8200077658,CROWN ROYAL VANILLA 375ML,desc,0.904,0.0,,
616,54,5,50ML CROWN ROYAL 6PK,54000,1.0,8.94,89.4,5197,8719902,CROWN ROYAL 50ML,desc,0.717,499.9999999999999,,
617,54,6,200ML JOHN WALKER GOLD RESERVE,11910,2.0,11.25,540.0,18847,826080,J WALKER GOLD 200 ML ,cost+desc,0.83,0.0,,
618,54,7,750ML 750 ML KETEL ONE VODKA 80,114740,5.0,18.99,1139.4,10484,8515651541,KETEL ONE VODKA 750ML,desc,0.662,0.0,,
619,54,8,50ML KETEL ONE VODKA 80 (PET) 12PK,114700,3.0,15.96,478.8,3795,8515640495,KETEL ONE VODKA 50ML,desc,0.652,1100.0,,
620,54,9,375ML SVEDKA VODKA (PET),117120,5.0,3.57,427.7,4848,617768113752,SVEDKA VODKA 80 375ML,cost+desc,1.0,0.2808988764044884,,
621,55,1,50 ML BAILEYS C & C 80/20,1670190,1.0,26.6,106.4,24932,8676770566,BAILEY  IRISH C & C 50ML,cost+desc,0.5616666666666666,0.0,matched via per-bottle: $26.60 ÷ 20 = $1.33/bottle (catalog $1.33),80.0
622,55,2,50 ML BAILEYS C & C 80/20,1670190,3.0,26.6,319.2,24932,8676770566,BAILEY  IRISH C & C 50ML,cost+desc,0.5616666666666666,0.0,matched via per-bottle: $26.60 ÷ 20 = $1.33/bottle (catalog $1.33),240.0
623,55,3,50 ML BAILEYS IRISH 80/20,1669099,5.0,26.6,532.0,13115,8676721012,BAILEY  IRISH 50ML,cost+desc,0.81,0.0,matched via per-bottle: $26.60 ÷ 20 = $1.33/bottle (catalog $1.33),400.0
624,55,4,750ML BUCHAN PINE FIFA GL,0409442,3.0,28.493,512.82,25014,8807619118,BUCHANAN'S PINEAPPLE GIFT SET ,cost+desc,0.8233333333333334,0.01053001053001093,,18.0
625,55,5,200ML BUCHANAN 12YR 24/6,0409070,2.0,35.94,287.52,15485,8807618117,BUCHANANS 12YR SCOTCH 200ML,desc,0.595,499.9999999999999,,48.0
626,55,6,1.75L DON JULIO REPOSADO3P,3850020,3.0,99.09162,891.81,12245,7454500063,DON JULIO REPOSADO TEQ. 1.75L,cost+desc,0.812,0.0016348773841988289,,9.0
627,55,7,50 ML J WALKER BLK 120/12,0443090,10.0,15.48,1548.0,10886,891110,J WALKER BLACK 50ML,cost+desc,0.5566666666666666,0.0,matched via per-bottle: $15.48 ÷ 12 = $1.29/bottle (catalog $1.29),1200.0
628,55,8,750ML MACALLAN SHY OAK 12Y,0460040,1.0,76.09,913.08,11755,8723610000,MACALLAN SHRY CASK 12YR 750ML,cost+desc,0.784,0.0,,12.0
629,55,9,CMB@ DON JULIO AST BLAN9P,3806023,1.0,376.06,376.06,,,,none,0.0,,,1.0
630,56,1,200ML BARTON VODKA 80,111510,4.0,1.49,286.08,13231,8066047208,BARTON VODKA 200ML,cost+desc,1.0,0.0,,192.0
631,56,2,375ML CROWN ROYAL,54020,2.0,12.19,585.12,613,877600,CROWN ROYAL 375ML,desc,0.859,0.0,,48.0
632,56,3,375ML CROWN ROYAL REGAL APPLE,85720,1.0,12.19,292.56,,,,none,0.0,,,24.0
633,56,4,375ML CROWN ROYAL VANILLA,50920,1.0,12.19,292.56,16232,8200077658,CROWN ROYAL VANILLA 375ML,desc,0.904,0.0,,24.0
634,56,5,50ML CROWN ROYAL 6PK,54000,1.0,8.94,89.4,5197,8719902,CROWN ROYAL 50ML,desc,0.717,499.9999999999999,,10.0
635,56,6,200ML JOHN WALKER GOLD RESERVE,11910,2.0,11.25,540.0,18847,826080,J WALKER GOLD 200 ML ,cost+desc,0.83,0.0,,48.0
636,56,7,750ML 750 ML KETEL ONE VODKA 80,114740,5.0,18.99,1139.4,10484,8515651541,KETEL ONE VODKA 750ML,desc,0.662,0.0,,60.0
637,56,8,50ML KETEL ONE VODKA 80 (PET) 12PK,114700,3.0,15.96,478.8,3795,8515640495,KETEL ONE VODKA 50ML,desc,0.652,1100.0,,30.0
638,56,9,375ML SVEDKA VODKA (PET),117120,5.0,3.57,427.7,4848,617768113752,SVEDKA VODKA 80 375ML,cost+desc,1.0,0.2808988764044884,,120.0
639,57,1,50 ML BAILEYS C & C 80/20,1670190,1.0,26.6,106.4,24932,8676770566,BAILEY  IRISH C & C 50ML,cost+desc,0.5616666666666666,0.0,matched via per-bottle: $26.60 ÷ 20 = $1.33/bottle (catalog $1.33),80.0
640,57,2,50 ML BAILEYS C & C 80/20,1670190,3.0,26.6,319.2,24932,8676770566,BAILEY  IRISH C & C 50ML,cost+desc,0.5616666666666666,0.0,matched via per-bottle: $26.60 ÷ 20 = $1.33/bottle (catalog $1.33),240.0
641,57,3,50 ML BAILEYS IRISH 80/20,1669099,5.0,26.6,532.0,13115,8676721012,BAILEY  IRISH 50ML,cost+desc,0.81,0.0,matched via per-bottle: $26.60 ÷ 20 = $1.33/bottle (catalog $1.33),400.0
642,57,4,750ML BUCHAN PINE FIFA GL,0409442,3.0,28.493,512.82,25014,8807619118,BUCHANAN'S PINEAPPLE GIFT SET ,cost+desc,0.8233333333333334,0.01053001053001093,,18.0
643,57,5,200ML BUCHANAN 12YR 24/6,0409070,2.0,35.94,287.52,15485,8807618117,BUCHANANS 12YR SCOTCH 200ML,desc,0.595,499.9999999999999,,48.0
644,57,6,1.75L DON JULIO REPOSADO3P,3850020,3.0,99.09162,891.81,12245,7454500063,DON JULIO REPOSADO TEQ. 1.75L,cost+desc,0.812,0.0016348773841988289,,9.0
645,57,7,50 ML J WALKER BLK 120/12,0443090,10.0,15.48,1548.0,10886,891110,J WALKER BLACK 50ML,cost+desc,0.5566666666666666,0.0,matched via per-bottle: $15.48 ÷ 12 = $1.29/bottle (catalog $1.29),1200.0
646,57,8,750ML MACALLAN SHY OAK 12Y,0460040,1.0,76.09,913.08,11755,8723610000,MACALLAN SHRY CASK 12YR 750ML,cost+desc,0.784,0.0,,12.0
647,57,9,CMB@ DON JULIO AST BLAN9P,3806023,1.0,376.06,376.06,,,,none,0.0,,,1.0
